TF,ADX,Str,SL_M,TP_M,Ret %,Win %,Trades,P.Factor,MaxDD
1h,25,4.0,1.5,2.0,3.47,66.67,6,2.42,-2.98
1h,25,4.0,1.5,3.0,3.47,66.67,6,2.42,-2.98
1h,25,4.0,2.5,3.0,3.47,66.67,6,2.42,-2.98
1h,25,4.0,2.5,2.0,3.47,66.67,6,2.42,-2.98
1h,25,4.0,2.0,4.0,3.47,66.67,6,2.42,-2.98
1h,25,4.0,2.0,3.0,3.47,66.67,6,2.42,-2.98
1h,25,4.0,2.0,2.0,3.47,66.67,6,2.42,-2.98
1h,25,4.0,1.5,4.0,3.47,66.67,6,2.42,-2.98
1h,25,4.0,2.5,4.0,3.47,66.67,6,2.42,-2.98
1h,20,4.0,1.5,2.0,2.31,57.14,7,1.51,-3.22
1h,20,4.0,2.0,4.0,2.31,57.14,7,1.51,-3.22
1h,20,4.0,1.5,3.0,2.31,57.14,7,1.51,-3.22
1h,20,4.0,2.5,3.0,2.31,57.14,7,1.51,-3.22
1h,20,4.0,2.5,2.0,2.31,57.14,7,1.51,-3.22
1h,20,4.0,2.5,4.0,2.31,57.14,7,1.51,-3.22
1h,20,4.0,2.0,2.0,2.31,57.14,7,1.51,-3.22
1h,20,4.0,1.5,4.0,2.31,57.14,7,1.51,-3.22
1h,20,4.0,2.0,3.0,2.31,57.14,7,1.51,-3.22
1h,0,4.0,2.5,4.0,2.18,60.0,6,1.58,-3.97
1h,0,4.0,1.5,2.0,2.18,60.0,6,1.58,-3.97
1h,0,4.0,1.5,3.0,2.18,60.0,6,1.58,-3.97
1h,0,4.0,1.5,4.0,2.18,60.0,6,1.58,-3.97
1h,0,4.0,2.0,2.0,2.18,60.0,6,1.58,-3.97
1h,0,4.0,2.0,3.0,2.18,60.0,6,1.58,-3.97
1h,0,4.0,2.0,4.0,2.18,60.0,6,1.58,-3.97
1h,0,4.0,2.5,2.0,2.18,60.0,6,1.58,-3.97
1h,0,4.0,2.5,3.0,2.18,60.0,6,1.58,-3.97
4h,25,4.5,1.5,2.0,1.21,100.0,1,inf,-4.19
4h,0,4.5,2.0,3.0,1.21,100.0,1,inf,-7.32
4h,20,4.5,2.5,4.0,1.21,100.0,1,inf,-7.32
4h,25,4.5,2.5,4.0,1.21,100.0,1,inf,-4.19
4h,25,4.5,2.5,3.0,1.21,100.0,1,inf,-4.19
4h,25,4.5,2.5,2.0,1.21,100.0,1,inf,-4.19
4h,25,4.5,2.0,4.0,1.21,100.0,1,inf,-4.19
4h,25,4.5,2.0,3.0,1.21,100.0,1,inf,-4.19
4h,25,4.5,2.0,2.0,1.21,100.0,1,inf,-4.19
4h,25,4.5,1.5,4.0,1.21,100.0,1,inf,-4.19
4h,0,4.5,1.5,2.0,1.21,100.0,1,inf,-7.32
4h,0,4.5,1.5,3.0,1.21,100.0,1,inf,-7.32
4h,0,4.5,1.5,4.0,1.21,100.0,1,inf,-7.32
4h,0,4.5,2.0,2.0,1.21,100.0,1,inf,-7.32
4h,0,4.5,2.0,4.0,1.21,100.0,1,inf,-7.32
4h,25,4.5,1.5,3.0,1.21,100.0,1,inf,-4.19
4h,20,4.5,2.0,2.0,1.21,100.0,1,inf,-7.32
4h,20,4.5,2.5,3.0,1.21,100.0,1,inf,-7.32
4h,20,4.5,2.5,2.0,1.21,100.0,1,inf,-7.32
4h,0,4.5,2.5,2.0,1.21,100.0,1,inf,-7.32
4h,20,4.5,2.0,3.0,1.21,100.0,1,inf,-7.32
4h,20,4.5,2.0,4.0,1.21,100.0,1,inf,-7.32
4h,20,4.5,1.5,4.0,1.21,100.0,1,inf,-7.32
4h,20,4.5,1.5,3.0,1.21,100.0,1,inf,-7.32
4h,20,4.5,1.5,2.0,1.21,100.0,1,inf,-7.32
4h,0,4.5,2.5,4.0,1.21,100.0,1,inf,-7.32
4h,0,4.5,2.5,3.0,1.21,100.0,1,inf,-7.32
1h,0,4.5,2.0,2.0,1.18,60.0,6,1.29,-3.97
1h,0,4.5,2.0,3.0,1.18,60.0,6,1.29,-3.97
1h,0,4.5,2.0,4.0,1.18,60.0,6,1.29,-3.97
1h,0,4.5,2.5,2.0,1.18,60.0,6,1.29,-3.97
1h,0,4.5,2.5,3.0,1.18,60.0,6,1.29,-3.97
1h,0,4.5,2.5,4.0,1.18,60.0,6,1.29,-3.97
1h,0,4.5,1.5,2.0,1.18,60.0,6,1.29,-3.97
1h,0,4.5,1.5,4.0,1.18,60.0,6,1.29,-3.97
1h,0,4.5,1.5,3.0,1.18,60.0,6,1.29,-3.97
4h,30,4.5,1.5,3.0,1.17,100.0,1,inf,-4.19
4h,30,4.5,1.5,4.0,1.17,100.0,1,inf,-4.19
4h,30,4.5,2.0,2.0,1.17,100.0,1,inf,-4.19
4h,30,4.5,2.0,3.0,1.17,100.0,1,inf,-4.19
4h,30,4.5,2.5,2.0,1.17,100.0,1,inf,-4.19
4h,30,4.5,2.5,3.0,1.17,100.0,1,inf,-4.19
4h,30,4.5,2.0,4.0,1.17,100.0,1,inf,-4.19
4h,30,4.0,2.5,4.0,1.17,100.0,1,inf,-4.19
4h,30,4.5,1.5,2.0,1.17,100.0,1,inf,-4.19
4h,30,4.0,2.5,3.0,1.17,100.0,1,inf,-4.19
4h,30,4.0,2.5,2.0,1.17,100.0,1,inf,-4.19
4h,30,4.0,2.0,4.0,1.17,100.0,1,inf,-4.19
4h,30,4.0,2.0,3.0,1.17,100.0,1,inf,-4.19
4h,30,4.0,2.0,2.0,1.17,100.0,1,inf,-4.19
4h,30,4.0,1.5,4.0,1.17,100.0,1,inf,-4.19
4h,30,4.0,1.5,3.0,1.17,100.0,1,inf,-4.19
4h,30,4.0,1.5,2.0,1.17,100.0,1,inf,-4.19
4h,30,4.5,2.5,4.0,1.17,100.0,1,inf,-4.19
1h,20,4.5,2.5,4.0,0.93,60.0,5,1.29,-2.99
1h,20,4.5,1.5,2.0,0.93,60.0,5,1.29,-2.99
1h,20,4.5,1.5,4.0,0.93,60.0,5,1.29,-2.99
1h,20,4.5,2.0,2.0,0.93,60.0,5,1.29,-2.99
1h,20,4.5,2.0,3.0,0.93,60.0,5,1.29,-2.99
1h,20,4.5,2.0,4.0,0.93,60.0,5,1.29,-2.99
1h,20,4.5,2.5,2.0,0.93,60.0,5,1.29,-2.99
1h,20,4.5,2.5,3.0,0.93,60.0,5,1.29,-2.99
1h,20,4.5,1.5,3.0,0.93,60.0,5,1.29,-2.99
1h,25,4.5,1.5,3.0,-0.49,60.0,5,0.9,-2.99
1h,25,4.5,2.0,2.0,-0.49,60.0,5,0.9,-2.99
1h,25,4.5,2.0,3.0,-0.49,60.0,5,0.9,-2.99
1h,25,4.5,2.0,4.0,-0.49,60.0,5,0.9,-2.99
1h,25,4.5,2.5,2.0,-0.49,60.0,5,0.9,-2.99
1h,25,4.5,2.5,3.0,-0.49,60.0,5,0.9,-2.99
1h,25,4.5,2.5,4.0,-0.49,60.0,5,0.9,-2.99
1h,25,4.5,1.5,4.0,-0.49,60.0,5,0.9,-2.99
1h,25,4.5,1.5,2.0,-0.49,60.0,5,0.9,-2.99
1h,30,4.0,2.5,3.0,-3.44,0.0,3,0.0,-4.58
1h,30,4.0,2.5,2.0,-3.44,0.0,3,0.0,-4.58
1h,30,4.0,2.0,4.0,-3.44,0.0,3,0.0,-4.58
1h,30,4.0,2.0,3.0,-3.44,0.0,3,0.0,-4.58
1h,30,4.0,2.0,2.0,-3.44,0.0,3,0.0,-4.58
1h,30,4.0,1.5,4.0,-3.44,0.0,3,0.0,-4.58
1h,30,4.0,1.5,3.0,-3.44,0.0,3,0.0,-4.58
1h,30,4.0,2.5,4.0,-3.44,0.0,3,0.0,-4.58
1h,30,4.0,1.5,2.0,-3.44,0.0,3,0.0,-4.58
1h,30,4.5,2.0,3.0,-4.65,0.0,4,0.0,-5.77
1h,30,4.5,1.5,2.0,-4.65,0.0,4,0.0,-5.77
1h,30,4.5,1.5,4.0,-4.65,0.0,4,0.0,-5.77
1h,30,4.5,2.0,2.0,-4.65,0.0,4,0.0,-5.77
1h,30,4.5,2.5,4.0,-4.65,0.0,4,0.0,-5.77
1h,30,4.5,2.0,4.0,-4.65,0.0,4,0.0,-5.77
1h,30,4.5,2.5,2.0,-4.65,0.0,4,0.0,-5.77
1h,30,4.5,1.5,3.0,-4.65,0.0,4,0.0,-5.77
1h,30,4.5,2.5,3.0,-4.65,0.0,4,0.0,-5.77
4h,25,4.0,2.5,4.0,-5.33,50.0,2,0.19,-6.98
4h,25,4.0,2.0,4.0,-5.33,50.0,2,0.19,-6.98
4h,25,4.0,1.5,3.0,-5.33,50.0,2,0.19,-6.98
4h,25,4.0,1.5,2.0,-5.33,50.0,2,0.19,-6.98
4h,25,4.0,2.5,3.0,-5.33,50.0,2,0.19,-6.98
4h,25,4.0,2.5,2.0,-5.33,50.0,2,0.19,-6.98
4h,25,4.0,2.0,3.0,-5.33,50.0,2,0.19,-6.98
4h,25,4.0,2.0,2.0,-5.33,50.0,2,0.19,-6.98
4h,25,4.0,1.5,4.0,-5.33,50.0,2,0.19,-6.98
4h,0,4.0,2.5,3.0,-5.47,50.0,2,0.18,-7.32
4h,0,4.0,2.5,2.0,-5.47,50.0,2,0.18,-7.32
4h,0,4.0,2.0,4.0,-5.47,50.0,2,0.18,-7.32
4h,20,4.0,1.5,3.0,-5.47,50.0,2,0.18,-7.32
4h,0,4.0,2.0,2.0,-5.47,50.0,2,0.18,-7.32
4h,0,4.0,1.5,4.0,-5.47,50.0,2,0.18,-7.32
4h,0,4.0,1.5,3.0,-5.47,50.0,2,0.18,-7.32
4h,0,4.0,1.5,2.0,-5.47,50.0,2,0.18,-7.32
4h,0,4.0,2.0,3.0,-5.47,50.0,2,0.18,-7.32
4h,20,4.0,1.5,2.0,-5.47,50.0,2,0.18,-7.32
4h,20,4.0,2.5,2.0,-5.47,50.0,2,0.18,-7.32
4h,20,4.0,1.5,4.0,-5.47,50.0,2,0.18,-7.32
4h,20,4.0,2.5,4.0,-5.47,50.0,2,0.18,-7.32
4h,20,4.0,2.5,3.0,-5.47,50.0,2,0.18,-7.32
4h,0,4.0,2.5,4.0,-5.47,50.0,2,0.18,-7.32
4h,20,4.0,2.0,4.0,-5.47,50.0,2,0.18,-7.32
4h,20,4.0,2.0,3.0,-5.47,50.0,2,0.18,-7.32
4h,20,4.0,2.0,2.0,-5.47,50.0,2,0.18,-7.32
15m,30,4.0,1.5,2.0,-14.84,40.0,20,0.43,-20.01
15m,30,4.0,1.5,4.0,-14.84,40.0,20,0.43,-20.01
15m,30,4.0,2.0,2.0,-14.84,40.0,20,0.43,-20.01
15m,30,4.0,2.0,3.0,-14.84,40.0,20,0.43,-20.01
15m,30,4.0,2.0,4.0,-14.84,40.0,20,0.43,-20.01
15m,30,4.0,2.5,2.0,-14.84,40.0,20,0.43,-20.01
15m,30,4.0,2.5,3.0,-14.84,40.0,20,0.43,-20.01
15m,30,4.0,2.5,4.0,-14.84,40.0,20,0.43,-20.01
15m,30,4.0,1.5,3.0,-14.84,40.0,20,0.43,-20.01
15m,30,4.5,2.5,4.0,-17.03,38.89,18,0.33,-21.72
15m,30,4.5,2.0,2.0,-17.03,38.89,18,0.33,-21.72
15m,30,4.5,2.5,3.0,-17.03,38.89,18,0.33,-21.72
15m,30,4.5,2.0,4.0,-17.03,38.89,18,0.33,-21.72
15m,30,4.5,2.0,3.0,-17.03,38.89,18,0.33,-21.72
15m,30,4.5,1.5,4.0,-17.03,38.89,18,0.33,-21.72
15m,30,4.5,1.5,3.0,-17.03,38.89,18,0.33,-21.72
15m,30,4.5,1.5,2.0,-17.03,38.89,18,0.33,-21.72
15m,30,4.5,2.5,2.0,-17.03,38.89,18,0.33,-21.72
15m,20,4.5,2.0,4.0,-23.08,30.0,40,0.38,-32.02
15m,0,4.5,2.0,4.0,-23.08,30.0,40,0.38,-32.02
15m,0,4.5,1.5,2.0,-23.08,30.0,40,0.38,-32.02
15m,0,4.5,1.5,3.0,-23.08,30.0,40,0.38,-32.02
15m,0,4.5,2.5,4.0,-23.08,30.0,40,0.38,-32.02
15m,0,4.5,1.5,4.0,-23.08,30.0,40,0.38,-32.02
15m,0,4.5,2.0,2.0,-23.08,30.0,40,0.38,-32.02
15m,0,4.5,2.0,3.0,-23.08,30.0,40,0.38,-32.02
15m,0,4.5,2.5,3.0,-23.08,30.0,40,0.38,-32.02
15m,20,4.5,1.5,3.0,-23.08,30.0,40,0.38,-32.02
15m,20,4.5,1.5,4.0,-23.08,30.0,40,0.38,-32.02
15m,20,4.5,2.0,2.0,-23.08,30.0,40,0.38,-32.02
15m,20,4.5,2.0,3.0,-23.08,30.0,40,0.38,-32.02
15m,0,4.5,2.5,2.0,-23.08,30.0,40,0.38,-32.02
15m,20,4.5,2.5,2.0,-23.08,30.0,40,0.38,-32.02
15m,20,4.5,2.5,3.0,-23.08,30.0,40,0.38,-32.02
15m,20,4.5,2.5,4.0,-23.08,30.0,40,0.38,-32.02
15m,20,4.5,1.5,2.0,-23.08,30.0,40,0.38,-32.02
15m,25,4.5,2.5,4.0,-24.27,29.03,31,0.29,-30.42
15m,25,4.5,2.5,3.0,-24.27,29.03,31,0.29,-30.42
15m,25,4.5,2.5,2.0,-24.27,29.03,31,0.29,-30.42
15m,25,4.5,2.0,4.0,-24.27,29.03,31,0.29,-30.42
15m,25,4.5,2.0,3.0,-24.27,29.03,31,0.29,-30.42
15m,25,4.5,2.0,2.0,-24.27,29.03,31,0.29,-30.42
15m,25,4.5,1.5,4.0,-24.27,29.03,31,0.29,-30.42
15m,25,4.5,1.5,3.0,-24.27,29.03,31,0.29,-30.42
15m,25,4.5,1.5,2.0,-24.27,29.03,31,0.29,-30.42
15m,25,4.0,2.5,4.0,-26.01,27.27,33,0.27,-32.14
15m,25,4.0,1.5,4.0,-26.01,27.27,33,0.27,-32.14
15m,25,4.0,2.0,3.0,-26.01,27.27,33,0.27,-32.14
15m,25,4.0,2.5,3.0,-26.01,27.27,33,0.27,-32.14
15m,25,4.0,2.5,2.0,-26.01,27.27,33,0.27,-32.14
15m,25,4.0,1.5,2.0,-26.01,27.27,33,0.27,-32.14
15m,25,4.0,1.5,3.0,-26.01,27.27,33,0.27,-32.14
15m,25,4.0,2.0,4.0,-26.01,27.27,33,0.27,-32.14
15m,25,4.0,2.0,2.0,-26.01,27.27,33,0.27,-32.14
15m,0,4.0,1.5,4.0,-29.39,27.27,44,0.32,-35.74
15m,0,4.0,2.0,2.0,-29.39,27.27,44,0.32,-35.74
15m,0,4.0,2.0,3.0,-29.39,27.27,44,0.32,-35.74
15m,0,4.0,2.0,4.0,-29.39,27.27,44,0.32,-35.74
15m,0,4.0,2.5,2.0,-29.39,27.27,44,0.32,-35.74
15m,0,4.0,2.5,3.0,-29.39,27.27,44,0.32,-35.74
15m,0,4.0,2.5,4.0,-29.39,27.27,44,0.32,-35.74
15m,20,4.0,2.5,4.0,-29.39,27.27,44,0.32,-35.74
15m,20,4.0,2.5,3.0,-29.39,27.27,44,0.32,-35.74
15m,0,4.0,1.5,3.0,-29.39,27.27,44,0.32,-35.74
15m,20,4.0,1.5,2.0,-29.39,27.27,44,0.32,-35.74
15m,20,4.0,1.5,3.0,-29.39,27.27,44,0.32,-35.74
15m,20,4.0,1.5,4.0,-29.39,27.27,44,0.32,-35.74
15m,20,4.0,2.0,2.0,-29.39,27.27,44,0.32,-35.74
15m,20,4.0,2.0,3.0,-29.39,27.27,44,0.32,-35.74
15m,20,4.0,2.0,4.0,-29.39,27.27,44,0.32,-35.74
15m,20,4.0,2.5,2.0,-29.39,27.27,44,0.32,-35.74
15m,0,4.0,1.5,2.0,-29.39,27.27,44,0.32,-35.74
